<?xml version="1.0"?>
<doc>
    <assembly>
        <name>Syncfusion.Pdf.Helper.Mvc</name>
    </assembly>
    <members>
        <member name="T:Syncfusion.PdfBaseAssembly">
            <exclude/>
            <summary>
            This class holds the name of the Syncfusion.Pdf.Base assembly and provides a helper
            routine that helps with resolving types when loading a serialization stream and when
            the framework probes for assemblies by reflection.
            </summary>
        </member>
        <member name="F:Syncfusion.PdfBaseAssembly.RootNamespace">
             <property name="flag" value="Finished" />
            
             <summary>
             The root namespace of this assembly. Used internally for
             locating resources within the assembly.
             </summary>
        </member>
        <member name="F:Syncfusion.PdfBaseAssembly.Name">
             <property name="flag" value="Finished" />
            
             <summary>
             The full name of this assembly without version information: "Syncfusion.Pdf.Base".
             </summary>
        </member>
        <member name="F:Syncfusion.PdfBaseAssembly.Assembly">
             <property name="flag" value="Finished"/>
            
             <summary>
             A reference to the <see cref="T:System.Reflection.Assembly"/>
             for the grid assembly.
             </summary>
        </member>
        <member name="M:Syncfusion.PdfBaseAssembly.AssemblyResolver(System.Object,System.ResolveEventArgs)">
             <property name="flag" value="Finished"/>
            
             <summary>
             This delegate helps with resolving types and can be used as
             an event handler for a <see cref="E:System.AppDomain.AssemblyResolve"/>
             event.
             </summary>
             <param name="sender">The source of the event.</param>
             <param name="e">The event data with information about
             the type.</param>
             <returns>
             A reference to the assembly where the type is located.
             </returns>
             <remarks>
             Use this handler when reading back types from a serialization
             stream saved with an earlier version of this assembly.
             </remarks>
             <example>
             <code lang="C#">
             		public static GridModel LoadSoap(Stream s)
             		{
             			try
             			{
             				AppDomain.CurrentDomain.AssemblyResolve += new ResolveEventHandler(GridAssembly.AssemblyResolver);
             				SoapFormatter b = new SoapFormatter();
             				b.AssemblyFormat = FormatterAssemblyStyle.Simple;
             				GridModel t = b.Deserialize(s) as GridModel;
             				t.Modified = false;
             				return t;
             			}
             			finally
             			{
             				AppDomain.CurrentDomain.AssemblyResolve -= new ResolveEventHandler(GridAssembly.AssemblyResolver);
             			}
             		}
            
             </code>
            
             </example>
        </member>
        <member name="T:Syncfusion.Pdf.PdfConfig">
             <property name="flag" value="Finished" />
            
             <summary>
             Configuration class for the PDF library. In the current
             version, there are no explicit settings. Adding this
             component from the toolbar allows you to configure your
             project for PDF support easily.
             </summary>
        </member>
        <member name="M:Syncfusion.Pdf.PdfConfig.#ctor">
            <summary>
            Initializes a new instance of the <see cref="T:Syncfusion.Pdf.PdfConfig"/> class.
            </summary>
        </member>
        <member name="P:Syncfusion.Pdf.PdfConfig.Copyright">
             <property name="flag" value="Finished" />
            
             <summary>
             Copyright notice for the library.
             </summary>
        </member>
    </members>
</doc>
