<?xml version="1.0"?>
<doc>
    <assembly>
        <name>Syncfusion.OfficeChartToImageConverter.Wpf</name>
    </assembly>
    <members>
        <member name="T:Syncfusion.OfficeChartToImageConverter.ChartCommon">
            <summary>
            It's assign the Excel Chart properties to SfChart.
            </summary>
        </member>
        <member name="F:Syncfusion.OfficeChartToImageConverter.ChartCommon.DEF_BORDER_WIDTH_EXCEL">
            <summary>
            Border width constant in MS EXCEL
            </summary>
        </member>
        <member name="F:Syncfusion.OfficeChartToImageConverter.ChartCommon.DEF_LINE_THICKNESS_XML">
            <summary>
            Represents the default line thickness in XML workbook
            </summary>
        </member>
        <member name="F:Syncfusion.OfficeChartToImageConverter.ChartCommon.DEF_LINE_THICKNESS_BINARY">
            <summary>
            Represents the default line thickness in Binary workbook
            </summary>
        </member>
        <member name="F:Syncfusion.OfficeChartToImageConverter.ChartCommon.parentWorkbook">
            <summary>
            Parent workbook internal object
            </summary>
        </member>
        <member name="F:Syncfusion.OfficeChartToImageConverter.ChartCommon.m_def_MarkerType_Array">
            <summary>
            Represents the marker type value in integer
            from enum ExcelChartType (XlsIO) and OfficeChartType (OfficeChart)
            </summary>
        </member>
        <member name="F:Syncfusion.OfficeChartToImageConverter.ChartCommon.numberFormatSheet">
            <summary>
            Worksheet used for number format
            </summary>
        </member>
        <member name="M:Syncfusion.OfficeChartToImageConverter.ChartCommon.#ctor">
            <summary>
            Constructor initialize the worksheet
            </summary>
        </member>
        <member name="M:Syncfusion.OfficeChartToImageConverter.ChartCommon.ApplyNumberFormat(System.Object,System.String)">
            <summary>
            Apply a number format to value.
            </summary>
            <param name="value">Value.</param>
            <param name="numberFormat">number format to be applied</param>
            <returns>returns numberformat applied string.</returns>
        </member>
        <member name="M:Syncfusion.OfficeChartToImageConverter.ChartCommon.SfNumericalAxisCommon(Syncfusion.UI.Xaml.Charts.ChartAxis,Syncfusion.OfficeChart.Implementation.Charts.ChartValueAxisImpl,Syncfusion.OfficeChart.Implementation.Charts.ChartCategoryAxisImpl)">
            <summary>
            It's assign the Excel chart numerical axis settings to Sf chart Axis
            </summary>
            <param name="sfaxis">SfAxis3D</param>
            <param name="xlsiovalue">XlsIO value axis</param>
            <param name="categoryAxis">XlsIO category axis</param>
        </member>
        <member name="M:Syncfusion.OfficeChartToImageConverter.ChartCommon.IsCategoryAxisAuto(Syncfusion.OfficeChart.Implementation.Charts.ChartAxisImpl)">
            <summary>
            Indicates whether the axis is category and it is not automatic
            </summary>
            <param name="axis">input axis</param>
            <returns>the boolean value</returns>
        </member>
        <member name="M:Syncfusion.OfficeChartToImageConverter.ChartCommon.GetSourceNumberFormat(Syncfusion.OfficeChart.Implementation.Charts.ChartValueAxisImpl)">
            <summary>
            Get the referenced (first series and first cell) number format from axis
            </summary>
            <param name="axis">input axis</param>
            <returns>the referenced numberformat</returns>
        </member>
        <member name="M:Syncfusion.OfficeChartToImageConverter.ChartCommon.SfNumericalAxis(Syncfusion.UI.Xaml.Charts.NumericalAxis,Syncfusion.OfficeChart.Implementation.Charts.ChartValueAxisImpl,Syncfusion.OfficeChart.Implementation.Charts.ChartCategoryAxisImpl)">
            <summary>
            It's assign the Excel chart numerical axis 2D settings to Sf chart Axis 2D
            </summary>
            <param name="sfaxis">SfAxis</param>
            <param name="xlsiovalue">XlsIO value axis</param>
            <param name="categoryAxis">XlsIO category axis</param>
        </member>
        <member name="M:Syncfusion.OfficeChartToImageConverter.ChartCommon.SfNumericalAxis3D(Syncfusion.UI.Xaml.Charts.NumericalAxis3D,Syncfusion.OfficeChart.Implementation.Charts.ChartValueAxisImpl,Syncfusion.OfficeChart.Implementation.Charts.ChartCategoryAxisImpl)">
            <summary>
            It's assign the Excel chart numerical axis 3D settings to Sf chart Axis 3D
            </summary>
            <param name="sfaxis">SfAxis3D</param>
            <param name="xlsiovalue">XlsIO value axis</param>
            <param name="categoryAxis">XlsIO category axis</param>
        </member>
        <member name="M:Syncfusion.OfficeChartToImageConverter.ChartCommon.NumericalAxisBoundChanged(System.Object,Syncfusion.UI.Xaml.Charts.ChartAxisBoundsEventArgs)">
            <summary>
            Method triggered when the numerical axis bound changed 
            </summary>
            <param name="sender"></param>
            <param name="e"></param>
        </member>
        <member name="M:Syncfusion.OfficeChartToImageConverter.ChartCommon.GetLabelTemplate(Syncfusion.OfficeChart.Implementation.Charts.ChartAxisImpl)">
            <summary>
            Return the Label Template for Axis 
            </summary>
            <param name="chartAxisImpl">input chart axis</param>
            <returns>the custom template created from the input</returns>
        </member>
        <member name="M:Syncfusion.OfficeChartToImageConverter.ChartCommon.SfGridLines(Syncfusion.OfficeChart.Implementation.Charts.ChartAxisImpl,Syncfusion.UI.Xaml.Charts.ChartAxis)">
            <summary>
            It's assign the Excel chart axis gridline settings to Sf chart axis gridline
            </summary>
            <param name="xlsioAxis">XlsIO axis.</param>
            <param name="sfAxis">Sf axis.</param>
        </member>
        <member name="M:Syncfusion.OfficeChartToImageConverter.ChartCommon.SfCategoryAxisCommon(Syncfusion.UI.Xaml.Charts.ChartAxis,Syncfusion.OfficeChart.Implementation.Charts.ChartCategoryAxisImpl,Syncfusion.OfficeChart.Implementation.Charts.ChartValueAxisImpl)">
             <summary>
             It's assign the Excel chart category axis settings to Sf chart Axis
             </summary>
            <param name="sfCatAxis">Sfchart category axis</param>
            <param name="xlsioCatAxis">XlsIO category axis</param>
            <param name="xlsioValAxis">XlsIO Value axis</param>
        </member>
        <member name="M:Syncfusion.OfficeChartToImageConverter.ChartCommon.SfCategoryAxis(Syncfusion.UI.Xaml.Charts.CategoryAxis,Syncfusion.OfficeChart.Implementation.Charts.ChartCategoryAxisImpl,Syncfusion.OfficeChart.Implementation.Charts.ChartValueAxisImpl)">
            <summary>
            It's assign the Excel chart category axis settings to Sf chart Axis
            </summary>
            <param name="categoryAxis">SfChart category axis</param>
            <param name="xlsioCatAxis">XlsIO category axis</param>
            <param name="xlsioValAxis">XlsIO value axis</param>
        </member>
        <member name="M:Syncfusion.OfficeChartToImageConverter.ChartCommon.SfCategoryAxis3D(Syncfusion.UI.Xaml.Charts.CategoryAxis3D,Syncfusion.OfficeChart.Implementation.Charts.ChartCategoryAxisImpl,Syncfusion.OfficeChart.Implementation.Charts.ChartValueAxisImpl)">
            <summary>
            It's assign the Excel chart category axis settings to Sf chart Axis
            </summary>
            <param name="categoryAxis">SfChart category axis</param>
            <param name="xlsioCatAxis">XlsIO category axis</param>
            <param name="xlsioValAxis">XlsIO value axis</param>
        </member>
        <member name="M:Syncfusion.OfficeChartToImageConverter.ChartCommon.OnAxisLabelCreated(System.Object,Syncfusion.UI.Xaml.Charts.LabelCreatedEventArgs)">
            <summary>
            Invoked after axis label crated.
            </summary>
            <param name="sender">Chart axis.</param>
            <param name="labelCreatedEventArgs">Chart label args.</param>
        </member>
        <member name="M:Syncfusion.OfficeChartToImageConverter.ChartCommon.SfLogerthmicAxisCommon(Syncfusion.UI.Xaml.Charts.ChartAxis,Syncfusion.OfficeChart.Implementation.Charts.ChartValueAxisImpl,Syncfusion.OfficeChart.Implementation.Charts.ChartCategoryAxisImpl)">
            <summary>
            It's assign the Excel chart Logerthmi axis settings to Sf chart Axis
            </summary>
            <param name="sfaxis">Sf axis</param>
            <param name="xlsiovalue">XlsIO value axis</param>
            <param name="xlsiocat">XlsIO category axis</param>
        </member>
        <member name="M:Syncfusion.OfficeChartToImageConverter.ChartCommon.SfLogerthmicAxis(Syncfusion.UI.Xaml.Charts.LogarithmicAxis,Syncfusion.OfficeChart.Implementation.Charts.ChartValueAxisImpl,Syncfusion.OfficeChart.Implementation.Charts.ChartCategoryAxisImpl)">
            <summary>
            It's assign the Excel chart Logerthmi axis settings to Sf chart Axis
            </summary>
            <param name="sfaxis">Sf axis</param>
            <param name="xlsiovalue">XlsIO value axis</param>
            <param name="xlsiocat">XlsIO category axis</param>
        </member>
        <member name="M:Syncfusion.OfficeChartToImageConverter.ChartCommon.SfLogerthmicAxis3D(Syncfusion.UI.Xaml.Charts.LogarithmicAxis3D,Syncfusion.OfficeChart.Implementation.Charts.ChartValueAxisImpl,Syncfusion.OfficeChart.Implementation.Charts.ChartCategoryAxisImpl)">
            <summary>
            It's assign the Excel chart Logerthmi axis settings to Sf chart Axis
            </summary>
            <param name="sfaxis">Sf axis</param>
            <param name="xlsiovalue">XlsIO value axis</param>
            <param name="xlsiocat">XlsIO category axis</param>
        </member>
        <member name="M:Syncfusion.OfficeChartToImageConverter.ChartCommon.SfDateTimeAxis(Syncfusion.UI.Xaml.Charts.DateTimeAxis,Syncfusion.OfficeChart.Implementation.Charts.ChartCategoryAxisImpl,Syncfusion.OfficeChart.Implementation.Charts.ChartValueAxisImpl)">
            <summary>
            It's assign the Excel chart DateTime axis settings to Sf chart Axis
            </summary>
            <param name="sfDateTimeAxis">Sf axis</param>
            <param name="xlsioCatAxis">XlsIO value axis</param>
            <param name="xlsioValAxis">XlsIO category axis</param>
        </member>
        <member name="M:Syncfusion.OfficeChartToImageConverter.ChartCommon.SfDateTimeAxis3D(Syncfusion.UI.Xaml.Charts.DateTimeAxis3D,Syncfusion.OfficeChart.Implementation.Charts.ChartCategoryAxisImpl,Syncfusion.OfficeChart.Implementation.Charts.ChartValueAxisImpl)">
            <summary>
            It's assign the Excel chart DateTime3D axis settings to Sf chart Axis
            </summary>
            <param name="sfDateTimeAxis">Sf axis</param>
            <param name="xlsioCatAxis">XlsIO value axis</param>
            <param name="xlsioValAxis">XlsIO category axis</param>
        </member>
        <member name="M:Syncfusion.OfficeChartToImageConverter.ChartCommon.SfTickLines(Syncfusion.OfficeChart.Implementation.Charts.ChartAxisImpl,Syncfusion.UI.Xaml.Charts.ChartAxis)">
            <summary>
            It's assign the Excel chart axis tick line settings to Sf chart axis tick line
            </summary>
            <param name="xlsioAxis"></param>
            <param name="sfAxis"></param>
        </member>
        <member name="M:Syncfusion.OfficeChartToImageConverter.ChartCommon.SfAxisTitle(Syncfusion.UI.Xaml.Charts.ChartAxis,Syncfusion.UI.Xaml.Charts.ChartAxis,Syncfusion.OfficeChart.IOfficeChartValueAxis,Syncfusion.OfficeChart.IOfficeChartCategoryAxis)">
            <summary>
            It's assign the Excel chart AxisTitle settings to Sf chart AxisTitle
            </summary>
            <param name="sfseco">SfChart Secondary Axis</param>
            <param name="sfprim">SfChart Primary Axis</param>
            <param name="xlsioValue">XlsIO Value Axis</param>
            <param name="xlsioCat">XlsIO Category Axis</param>
        </member>
        <member name="M:Syncfusion.OfficeChartToImageConverter.ChartCommon.GetAxisLayoutTransformForTitle(Syncfusion.OfficeChart.Implementation.Charts.ChartAxisImpl)">
            <summary>
            Get the rotation angle from the axis and returns proper transform
            </summary>
            <param name="axis">Input Chart Axis</param>
            <returns>the layout transform</returns>
        </member>
        <member name="M:Syncfusion.OfficeChartToImageConverter.ChartCommon.IsVerticalAxis(Syncfusion.OfficeChart.Implementation.Charts.ChartAxisImpl)">
            <summary>
            Check whether the axis is vertical or not 
            </summary>
            <param name="axis">axis to be checked</param>
            <returns>the boolean value, is vertical or not</returns>
        </member>
        <member name="M:Syncfusion.OfficeChartToImageConverter.ChartCommon.SfLegend(Syncfusion.UI.Xaml.Charts.ChartBase,Syncfusion.OfficeChart.IOfficeChart,System.Int32[]@)">
            <summary>
            It's assign Sf chart Legend settings
            </summary>
            <param name="sfchart">SfChart</param>
            <param name="xlsioChart">Excel Chart</param>
            <param name="sortedLegendOrders">output array represents the legend items to be ordered</param>
        </member>
        <member name="M:Syncfusion.OfficeChartToImageConverter.ChartCommon.GetOrderOfLegendItems(Syncfusion.UI.Xaml.Charts.ChartBase,Syncfusion.OfficeChart.IOfficeChart,Syncfusion.UI.Xaml.Charts.ChartLegend)">
            <summary>
            Returns the array of legend item's indexes as equivalent to MS
            </summary>
            <param name="sfchart">input sfchart</param>
            <param name="chart">input XlsIO/Office Chart</param>
            <param name="legend">input sfchart legend items</param>
            <returns>the modified array legened item indexes</returns>
        </member>
        <member name="M:Syncfusion.OfficeChartToImageConverter.ChartCommon.UpdateOrderArray(System.Collections.Generic.IList{Syncfusion.UI.Xaml.Charts.ChartSeriesBase},Syncfusion.UI.Xaml.Charts.ChartBase,System.Int32,System.Int32@,System.Int32[])">
            <summary>
            Update the array of legend items indexes
            </summary>
            <param name="seriesList">input series list</param>
            <param name="sfchart">input sfchart</param>
            <param name="i">input index value</param>
            <param name="index">output index value</param>
            <param name="orderResult">the order of indexes modified</param>
        </member>
        <member name="M:Syncfusion.OfficeChartToImageConverter.ChartCommon.SfTextBlock(System.Windows.Controls.TextBlock,Syncfusion.OfficeChart.IOfficeChartTextArea)">
            <summary>
            It's used assign the XlsIo textarea properties to sf TextBlock
            </summary>
            <param name="sfTextArea">Wpf TextBlock</param>
            <param name="textArea">Xlsio Text Area</param>
        </member>
        <member name="M:Syncfusion.OfficeChartToImageConverter.ChartCommon.SetTransformAndBackGround(System.Windows.Controls.TextBlock,Syncfusion.OfficeChart.IOfficeChartTextArea)">
            <summary>
            Set the transform and the backgound color for text block
            </summary>
            <param name="sfTextArea">The WPF text block object</param>
            <param name="textArea">The Chart textArea object</param>
        </member>
        <member name="M:Syncfusion.OfficeChartToImageConverter.ChartCommon.SfChartTitle(Syncfusion.UI.Xaml.Charts.ChartBase,Syncfusion.OfficeChart.IOfficeChart)">
            <summary>
            It's assign the SfChart AxisTitle properties
            </summary>
            <param name="sfchart">sfChart</param>
            <param name="xlsioChart">Xlsio Chart</param>
        </member>
        <member name="M:Syncfusion.OfficeChartToImageConverter.ChartCommon.SetTextBlockInlines(Syncfusion.OfficeChart.Implementation.Charts.ChartTextAreaImpl,System.Windows.Controls.TextBlock)">
            <summary>
            Set the rich text fromatting in text block from the text area object
            </summary>
            <param name="textArea">input text area object</param>
            <param name="block">input text block</param>
        </member>
        <member name="M:Syncfusion.OfficeChartToImageConverter.ChartCommon.SetFormattingsInRun(System.Windows.Documents.Run,Syncfusion.OfficeChart.IOfficeFont)">
            <summary>
            Method used to assign the formattings in run
            </summary>
            <param name="run">run to be assigned</param>
            <param name="font">font used to assign values</param>
        </member>
        <member name="M:Syncfusion.OfficeChartToImageConverter.ChartCommon.SfChartDataLabel(Syncfusion.OfficeChart.IOfficeChartSerie,Syncfusion.UI.Xaml.Charts.ChartSeriesBase)">
            <summary>
            It's assign the chart data label property
            </summary>
            <param name="serie">chart serie</param>
            <param name="sfChartSeries">Sfchart serie base object</param>
            <returns>sfChart DataLabel</returns>
        </member>
        <member name="M:Syncfusion.OfficeChartToImageConverter.ChartCommon.SetMarkerFormattings(Syncfusion.OfficeChart.Implementation.Charts.ChartSerieImpl,Syncfusion.OfficeChart.Implementation.Charts.ChartSerieDataFormatImpl,Syncfusion.UI.Xaml.Charts.ChartAdornmentInfoBase)">
            <summary>
            Set Marker format on Chart adornment from Chart data format
            </summary>
            <param name="chartSerieImpl">input chart series object</param>
            <param name="dataFormat">input chart series data format</param>
            <param name="info">the sfchart adornment info</param>
        </member>
        <member name="M:Syncfusion.OfficeChartToImageConverter.ChartCommon.GetMarkerSettings(Syncfusion.OfficeChart.Implementation.Charts.ChartSerieImpl,Syncfusion.OfficeChart.Implementation.Charts.ChartSerieDataFormatImpl,Syncfusion.OfficeChartToImageConverter.MarkerSetting)">
            <summary>
            Get the Marker settings from the marker format of Office Chart
            </summary>
            <param name="chartSerieImpl">Parent chart series</param>
            <param name="dataFormat">Data format of marker</param>
            <param name="parentMarkerSttings">Parent marker settings - series common</param>
            <returns>the marker settings for binding</returns>
        </member>
        <member name="M:Syncfusion.OfficeChartToImageConverter.ChartCommon.SetLabelPosition(Syncfusion.UI.Xaml.Charts.ChartSeriesBase,Syncfusion.UI.Xaml.Charts.ChartAdornmentInfoBase,Syncfusion.OfficeChart.Implementation.Charts.ChartDataLabelsImpl)">
            <summary>
            Set sf chart data label position.
            </summary>
            <param name="sfChartSeries">SfChart serie.</param>
            <param name="info">SfChart data label.</param>
            <param name="label">XlsIO data label.</param>
        </member>
        <member name="M:Syncfusion.OfficeChartToImageConverter.ChartCommon.GetMarkerSymbolGeometry(System.Int32,System.Double)">
            <summary>
            Returns the Geometry based on the marker type and marker size
            </summary>
            <param name="markerTypeInInt">Marker Type in Integer</param>
            <param name="markerSize">Marker Size</param>
            <returns>the geometry for symbols</returns>
        </member>
        <member name="M:Syncfusion.OfficeChartToImageConverter.ChartCommon.GetNumberFormatColorConverter(System.String,System.Drawing.Color)">
            <summary>
            Returns the color converter object respect to number format
            </summary>
            <param name="numberFormat">input number format</param>
            <param name="defaultColor">input default color</param>
            <returns>the color converter object</returns>
        </member>
        <member name="M:Syncfusion.OfficeChartToImageConverter.ChartCommon.SfColor(System.Drawing.Color)">
            <summary>
            It's convert the drawing color to Media color
            </summary>
            <param name="chartcolor">Drawing color</param>
            <returns>Media color</returns>
        </member>
        <member name="M:Syncfusion.OfficeChartToImageConverter.ChartCommon.SfPloatArea(Syncfusion.UI.Xaml.Charts.SfChart,Syncfusion.OfficeChart.Implementation.Charts.ChartFrameFormatImpl,System.String)">
            <summary>
            It's assign the chart plotArea settings
            </summary>
            <param name="sfChart">sfChart</param>        
            <param name="chartArea">XlsiO chartArea</param>
            <param name="chartType">chart type of the input chart</param>
        </member>
        <member name="M:Syncfusion.OfficeChartToImageConverter.ChartCommon.SfChartArea(Syncfusion.UI.Xaml.Charts.SfChart,Syncfusion.OfficeChart.Implementation.Charts.ChartFrameFormatImpl)">
            <summary>
            It's assign the chartAre settings
            </summary>
            <param name="sfChart">sfChart</param>
            <param name="chartArea">XlsiO chartArea</param>
        </member>
        <member name="M:Syncfusion.OfficeChartToImageConverter.ChartCommon.SfChartArea3D(Syncfusion.UI.Xaml.Charts.SfChart3D,Syncfusion.OfficeChart.Implementation.Charts.ChartFrameFormatImpl)">
            <summary>
            It's assign the chartAre settings
            </summary>
            <param name="sfChart">sfChart</param>
            <param name="chartArea">XlsiO chartArea</param>
        </member>
        <member name="M:Syncfusion.OfficeChartToImageConverter.ChartCommon.IsLine(Syncfusion.OfficeChart.OfficeChartType)">
            <summary>
            Checks whether the given chart type is line or not
            </summary>
            <param name="chartType">Chart Type</param>
            <returns>boolean value</returns>
        </member>
        <member name="M:Syncfusion.OfficeChartToImageConverter.ChartCommon.SfChartTrendLine(Syncfusion.OfficeChart.Implementation.Charts.ChartSerieImpl,Syncfusion.UI.Xaml.Charts.CartesianSeries)">
            <summary>
            Add the trendlines to sfserie.
            </summary>
            <param name="serieImpl">XlsIO serie.</param>
            <param name="sfSerie">SfSerie.</param>
        </member>
        <member name="M:Syncfusion.OfficeChartToImageConverter.ChartCommon.SfSecondaryAxis(Syncfusion.OfficeChart.IOfficeChartSerie,Syncfusion.OfficeChart.IOfficeChart,Syncfusion.UI.Xaml.Charts.ChartSeriesBase)">
            <summary>
            Set SfChart secondary axis settings.
            </summary>
            <param name="xlsioSerie">XlsIO serie.</param>
            <param name="xlsioChart">XlsIO chart.</param>
            <param name="chartSerie">SfChart serie.</param>
        </member>
        <member name="M:Syncfusion.OfficeChartToImageConverter.ChartCommon.SfSecondaryAxisCommon(Syncfusion.OfficeChart.IOfficeChart,Syncfusion.UI.Xaml.Charts.ChartAxisBase2D,Syncfusion.UI.Xaml.Charts.RangeAxisBase)">
            <summary>
            Set SfChart secondary axis common settings.
            </summary>
            <param name="xlsioChart">XlsIO chart.</param>
            <param name="sfXAxis">SfCategory axis.</param>
            <param name="sfYAxis">SfNumeric axis.</param>
        </member>
        <member name="M:Syncfusion.OfficeChartToImageConverter.ChartCommon.GetSerieName(Syncfusion.OfficeChart.Implementation.Charts.ChartSerieImpl)">
            <summary>
            Get series name.
            </summary>
            <param name="serie">XlsIO chart series.</param>
            <returns>returns series name.</returns>
        </member>
        <member name="M:Syncfusion.OfficeChartToImageConverter.ChartCommon.GetStrokeDashArrayValues(System.Int16,System.Windows.Media.DoubleCollection@)">
            <summary>
            Get the stroke pattern value from the border property
            </summary>
            <param name="LinePatternFlag">Input border pattern property</param>
            <param name="patternValues">Out stroke thickness</param>
            <returns>boolean value indicates whether the pattern values are present or not</returns>
        </member>
        <member name="M:Syncfusion.OfficeChartToImageConverter.ChartCommon.SetGapWidthandOverlap(Syncfusion.UI.Xaml.Charts.ChartSeriesBase,Syncfusion.OfficeChart.Implementation.Charts.ChartSerieImpl)">
            <summary>
            Set GapWidth and Overlap for bar and column series.
            </summary>
            <param name="seriesBase">SfChart series base.</param>
            <param name="serie">XlsIO serie.</param>
        </member>
        <member name="M:Syncfusion.OfficeChartToImageConverter.ChartCommon.SetGapWidthOnSingleSeries(Syncfusion.UI.Xaml.Charts.ChartSeriesBase,Syncfusion.OfficeChart.Implementation.Charts.ChartSerieImpl,System.Double@,System.Boolean)">
            <summary>
            Check for single seies present column and bar series, if found set the equal gapwidth
            </summary>
            <param name="seriesBase">input sfchart series</param>
            <param name="serie">input XlsIO chart</param>
            <param name="overlap">output overlap value</param>
            <param name="isChart3D">boolean value indicates whether the chart is 3D</param>
            <returns>the boolean value indicates whether the spacing has been set or not</returns>
        </member>
        <member name="M:Syncfusion.OfficeChartToImageConverter.ChartCommon.GetBorderThickness(Syncfusion.OfficeChart.Implementation.Charts.ChartBorderImpl)">
            <summary>
            Get the border thickness from the input border
            </summary>
            <param name="border">input Border</param>
            <returns>the border thickness value</returns>
        </member>
        <member name="M:Syncfusion.OfficeChartToImageConverter.ChartCommon.SfRotation3D(Syncfusion.OfficeChart.Implementation.Charts.ChartImpl,Syncfusion.UI.Xaml.Charts.SfChart3D)">
            <summary>
            Rotate SfChart3D.
            </summary>
            <param name="chartImpl">XlsIO chart</param>
            <param name="sfChart">SfChart</param>
        </member>
        <member name="M:Syncfusion.OfficeChartToImageConverter.ChartCommon.SfWall(Syncfusion.UI.Xaml.Charts.SfChart3D,Syncfusion.OfficeChart.Implementation.Charts.ChartWallOrFloorImpl,Syncfusion.OfficeChart.Implementation.Charts.ChartWallOrFloorImpl,Syncfusion.OfficeChart.Implementation.Charts.ChartWallOrFloorImpl)">
            <summary>
            Set XlsIO wall brush to SfChart wall brush.
            </summary>
            <param name="sfChart3D">SfChart3D</param>
            <param name="backWall">XlsIo backwall</param>
            <param name="sideWall">XlsIO sidewall</param>
            <param name="floor">XlsIo floor</param>
        </member>
        <member name="M:Syncfusion.OfficeChartToImageConverter.ChartCommon.GetWallBrush(Syncfusion.OfficeChart.Implementation.Charts.ChartWallOrFloorImpl,System.Boolean)">
            <summary>
            Get brush from wall.
            </summary>
            <param name="wall">XlsIO wall.</param>
            <param name="isFloor">Boolean value indicates whether the wall is floor or not</param>
            <returns>Brush</returns>
        </member>
        <member name="M:Syncfusion.OfficeChartToImageConverter.ChartCommon.GetBrushFromBorder(Syncfusion.OfficeChart.Implementation.Charts.ChartBorderImpl)">
            <summary>
            Get the brush value from input border values
            </summary>
            <param name="border">input border value</param>
            <returns>the output brush</returns>
        </member>
        <member name="M:Syncfusion.OfficeChartToImageConverter.ChartCommon.GetBrushFromDataFormat(Syncfusion.OfficeChart.IOfficeChartFillBorder)">
            <summary>
            get the brush with color and transparent values from input chartseriedataformat
            </summary>
            <param name="fillFormat">the input chartseriedataformat</param>
            <returns>the brush</returns>
        </member>
        <member name="M:Syncfusion.OfficeChartToImageConverter.ChartCommon.GetMaxGradientStop(Syncfusion.OfficeChart.Implementation.Shapes.GradientStops)">
            <summary>
            Get the maximum gradient style used from the input chart
            </summary>
            <param name="gradientStops">input gardient stop collection</param>
            <returns>maximum used gradient stop</returns>
        </member>
        <member name="F:Syncfusion.OfficeChartToImageConverter.GetChartSeries.RectangleSerieTypes">
            <summary>
            List contains the series in rectangle format
            </summary>
        </member>
        <member name="M:Syncfusion.OfficeChartToImageConverter.GetChartSeries.SfBarseries(Syncfusion.OfficeChart.IOfficeChartSerie,Syncfusion.OfficeChart.IOfficeChart)">
            <summary>
            It returns the SfBar Serie.
            </summary>
            <param name="serie">chart serie</param>
            <param name="xlsioChart">xlsio chart</param>
            <returns>BarSeries</returns>
        </member>
        <member name="M:Syncfusion.OfficeChartToImageConverter.GetChartSeries.SfBarseries3D(Syncfusion.OfficeChart.IOfficeChartSerie,Syncfusion.OfficeChart.IOfficeChart)">
            <summary>
            It returns the SfBar Serie3D.
            </summary>
            <param name="serie">chart serie</param>
            <param name="xlsioChart">xlsio chart</param>
            <returns>BarSeries3D</returns>
        </member>
        <member name="M:Syncfusion.OfficeChartToImageConverter.GetChartSeries.SfStackBar100Series(Syncfusion.OfficeChart.IOfficeChartSerie,Syncfusion.OfficeChart.IOfficeChart)">
            <summary>
            It returns the SfStackingBar100 Serie.
            </summary>
            <param name="serie">chart serie</param>
            <param name="xlsioChart">Xlsio chart</param>
            <returns>StackingBar100Series</returns>
        </member>
        <member name="M:Syncfusion.OfficeChartToImageConverter.GetChartSeries.SfAreaSeries(Syncfusion.OfficeChart.IOfficeChartSerie,Syncfusion.OfficeChart.IOfficeChart)">
            <summary>
            It returns the SfArea Serie.
            </summary>
            <param name="serie">chart serie</param>
            <param name="xlsioChart">Xlsio chart</param>
            <returns>AreaSeries</returns>
        </member>
        <member name="M:Syncfusion.OfficeChartToImageConverter.GetChartSeries.SfAreaSeries3D(Syncfusion.OfficeChart.IOfficeChartSerie,Syncfusion.OfficeChart.IOfficeChart)">
            <summary>
            It returns the SfArea Serie3D.
            </summary>
            <param name="serie">chart serie</param>
            <param name="xlsioChart">Xlsio chart</param>
            <returns>AreaSeries3D</returns>
        </member>
        <member name="M:Syncfusion.OfficeChartToImageConverter.GetChartSeries.SfColumnSeries(Syncfusion.OfficeChart.IOfficeChartSerie,Syncfusion.OfficeChart.IOfficeChart)">
            <summary>
            It returns the SfColumn Serie.
            </summary>
            <param name="serie">chart serie</param>
            <param name="xlsioChart">Xlsio chart</param>
            <returns>ColumnSeries</returns>
        </member>
        <member name="M:Syncfusion.OfficeChartToImageConverter.GetChartSeries.ApplyTemplateFormats(Syncfusion.OfficeChart.Implementation.Charts.ChartSerieImpl,Syncfusion.UI.Xaml.Charts.ChartSeries,System.Collections.Generic.List{System.Int32},System.Boolean)">
            <summary>
            Apply the template formats on rectangle series
            </summary>
            <param name="serieImpl">input XlsIO chart serie</param>
            <param name="sfChartSerie">input SfChart serie</param>
            <param name="negativeIndexes">List of negativeIndexes</param>
            <param name="isDefaultBorder">boolean value indicates whether the border is default</param>
        </member>
        <member name="M:Syncfusion.OfficeChartToImageConverter.GetChartSeries.SetCustomBrushes(Syncfusion.UI.Xaml.Charts.ChartSeriesBase,System.Int32,System.Collections.Generic.Dictionary{System.Int32,System.Windows.Media.Brush},System.Windows.Media.Brush,System.Collections.Generic.List{System.Int32})">
            <summary>
            Set Custom brushes for fill in sfchart serie list
            </summary>
            <param name="sfChartSerie">input sfchart serie</param>
            <param name="count">total count of the custom points</param>
            <param name="fillBrushes">list of fill brushes</param>
            <param name="commonBrush">common brush</param>
            <param name="negativeIndexes">input of negative indexes of series</param>
        </member>
        <member name="M:Syncfusion.OfficeChartToImageConverter.GetChartSeries.GetCommonColorBrush(System.Collections.Generic.List{System.Windows.Media.Brush},System.Collections.Generic.List{System.Int32})">
            <summary>
            Get common brush by neglecting negatve brushes
            </summary>
            <param name="customBrushes">input custom brush list</param>
            <param name="customDptIndexes">list of negative indexes</param>
            <returns>common brush</returns>
        </member>
        <member name="M:Syncfusion.OfficeChartToImageConverter.GetChartSeries.ApplyShapeTemplate(Syncfusion.UI.Xaml.Charts.ChartSeries,System.Collections.Generic.List{System.Int32},System.Boolean,System.Collections.Generic.Dictionary{System.Int32,System.Windows.Media.Brush},System.Collections.Generic.Dictionary{System.Int32,System.Double})">
            <summary>
            Applying rectangle shape template on sfchart serie
            </summary>
            <param name="sfChartSerie">input sfchart serie</param>
            <param name="negativeIndexes">list of negative indexes</param>
            <param name="isDefaultBorder">boolean value indicates whether the border is default</param>
            <param name="borderBrushes">Dictionary of border brushes for each data point</param>
            <param name="thicknessDictionary">Dictionary of border thickness for each data point</param>
        </member>
        <member name="M:Syncfusion.OfficeChartToImageConverter.GetChartSeries.ApplyDataTemplateonSeries(Syncfusion.UI.Xaml.Charts.ChartSeries,System.Windows.DataTemplate)">
            <summary>
            Set the custom data template to sfchart series
            </summary>
            <param name="sfChartSerie">input sfchart serie</param>
            <param name="dataTemplate">input data template</param>
        </member>
        <member name="M:Syncfusion.OfficeChartToImageConverter.GetChartSeries.ApplyLegendTemplate(Syncfusion.UI.Xaml.Charts.ChartSeriesBase,System.Windows.Media.Brush)">
            <summary>
            Apply legend Icon template 
            </summary>
            <param name="sfChartSerie">input sfchart serie</param>
            <param name="iconBrush">brush for legend icon</param>
        </member>
        <member name="M:Syncfusion.OfficeChartToImageConverter.GetChartSeries.SfColumnSeries3D(Syncfusion.OfficeChart.IOfficeChartSerie,Syncfusion.OfficeChart.IOfficeChart)">
            <summary>
            It returns the SfColumn Serie3D.
            </summary>
            <param name="serie">chart serie</param>
            <param name="xlsioChart">Xlsio chart</param>
            <returns>ColumnSeries3D</returns>
        </member>
        <member name="M:Syncfusion.OfficeChartToImageConverter.GetChartSeries.SfLineSeries(Syncfusion.OfficeChart.IOfficeChartSerie,Syncfusion.OfficeChart.IOfficeChart)">
            <summary>
            It returns the SfLine Serie.
            </summary>
            <param name="serie">chart serie</param>
            <param name="xlsioChart">Xlsio chart</param>
            <returns>LineSeries</returns>
        </member>
        <member name="M:Syncfusion.OfficeChartToImageConverter.GetChartSeries.SfLineSeries3D(Syncfusion.OfficeChart.IOfficeChartSerie,Syncfusion.OfficeChart.IOfficeChart)">
            <summary>
            It returns the SfLine Series3D.
            </summary>
            <param name="serie">chart serie</param>
            <param name="xlsioChart">Xlsio chart</param>
            <returns>LineSeries3D</returns>
        </member>
        <member name="M:Syncfusion.OfficeChartToImageConverter.GetChartSeries.SfSplineSeries(Syncfusion.OfficeChart.IOfficeChartSerie,Syncfusion.OfficeChart.IOfficeChart)">
            <summary>
            It returns the SfSpline Serie.
            </summary>
            <param name="serie">chart serie</param>
            <param name="xlsioChart">Xlsio chart</param>
            <returns>SplineSeries</returns>
        </member>
        <member name="M:Syncfusion.OfficeChartToImageConverter.GetChartSeries.SfPieSeries(Syncfusion.OfficeChart.IOfficeChartSerie,Syncfusion.OfficeChart.IOfficeChart)">
            <summary>
            It returns the SfPie Serie.
            </summary>
            <param name="serie">chart serie</param>
            <param name="xlsioChart">Xlsio chart</param>
            <returns>PieSeries</returns>
        </member>
        <member name="M:Syncfusion.OfficeChartToImageConverter.GetChartSeries.SfPieSeries3D(Syncfusion.OfficeChart.IOfficeChartSerie,Syncfusion.OfficeChart.IOfficeChart)">
            <summary>
            It returns the SfPie Serie.
            </summary>
            <param name="serie">chart serie</param>
            <param name="xlsioChart">Xlsio chart</param>
            <returns>PieSeries</returns>
        </member>
        <member name="M:Syncfusion.OfficeChartToImageConverter.GetChartSeries.SfDoughnutSeries(Syncfusion.OfficeChart.IOfficeChartSerie,Syncfusion.OfficeChart.IOfficeChart)">
            <summary>
            It returns the SfDoughnut Serie.
            </summary>
            <param name="serie">chart serie</param>
            <param name="xlsioChart">Xlsio chart</param>
            <returns>DoughnutSeries</returns>
        </member>
        <member name="M:Syncfusion.OfficeChartToImageConverter.GetChartSeries.SfStackAreaSeries(Syncfusion.OfficeChart.IOfficeChartSerie,Syncfusion.OfficeChart.IOfficeChart)">
            <summary>
            It returns the SfStackingArea Serie.
            </summary>
            <param name="serie">chart serie</param>
            <param name="xlsioChart">Xlsio chart</param>
            <returns>StackingAreaSeries</returns>
        </member>
        <member name="M:Syncfusion.OfficeChartToImageConverter.GetChartSeries.SfStackArea100Series(Syncfusion.OfficeChart.IOfficeChartSerie,Syncfusion.OfficeChart.IOfficeChart)">
            <summary>
            It returns the SfStackingArea100 Serie.
            </summary>
            <param name="serie">chart serie</param>
            <param name="xlsioChart">Xlsio chart</param>
            <returns>StackingArea100Series</returns>
        </member>
        <member name="M:Syncfusion.OfficeChartToImageConverter.GetChartSeries.SfStackBarSeries(Syncfusion.OfficeChart.IOfficeChartSerie,Syncfusion.OfficeChart.IOfficeChart)">
            <summary>
            It returns the SfStackingBar Serie.
            </summary>
            <param name="serie">chart serie</param>
            <param name="xlsioChart">Xlsio chart</param>
            <returns>StackingBarSeries</returns>
        </member>
        <member name="M:Syncfusion.OfficeChartToImageConverter.GetChartSeries.SfStackBarSeries3D(Syncfusion.OfficeChart.IOfficeChartSerie,Syncfusion.OfficeChart.IOfficeChart)">
            <summary>
            It returns the SfStackingBar Series3D.
            </summary>
            <param name="serie">chart serie</param>
            <param name="xlsioChart">Xlsio chart</param>
            <returns>StackingBarSeries3D</returns>
        </member>
        <member name="M:Syncfusion.OfficeChartToImageConverter.GetChartSeries.SfStackBar100Series3D(Syncfusion.OfficeChart.IOfficeChartSerie,Syncfusion.OfficeChart.IOfficeChart)">
            <summary>
            It returns the SfStackingBar100 Series3D.
            </summary>
            <param name="serie">chart serie</param>
            <param name="xlsioChart">Xlsio chart</param>
            <returns>StackingBar100Series3D</returns>
        </member>
        <member name="M:Syncfusion.OfficeChartToImageConverter.GetChartSeries.SfStackedColumnSeries(Syncfusion.OfficeChart.IOfficeChartSerie,Syncfusion.OfficeChart.IOfficeChart)">
            <summary>
            It returns the SfStackingColumn Serie.
            </summary>
            <param name="serie">chart serie</param>
            <param name="xlsioChart">Xlsio chart</param>
            <returns>StackingColumnSeries</returns>
        </member>
        <member name="M:Syncfusion.OfficeChartToImageConverter.GetChartSeries.SfStackedColumnSeries3D(Syncfusion.OfficeChart.IOfficeChartSerie,Syncfusion.OfficeChart.IOfficeChart)">
            <summary>
            It returns the SfStackingColumn Series3D.
            </summary>
            <param name="serie">chart serie</param>
            <param name="xlsioChart">Xlsio chart</param>
            <returns>StackingColumnSeries3D</returns>
        </member>
        <member name="M:Syncfusion.OfficeChartToImageConverter.GetChartSeries.SfStackColum100Series(Syncfusion.OfficeChart.IOfficeChartSerie,Syncfusion.OfficeChart.IOfficeChart)">
            <summary>
            It returns the SfStackingColumn100 Serie.
            </summary>
            <param name="serie">chart serie</param>
            <param name="xlsioChart">Xlsio chart</param>
            <returns>StackingColumn100Series</returns>
        </member>
        <member name="M:Syncfusion.OfficeChartToImageConverter.GetChartSeries.SfStackColum100Series3D(Syncfusion.OfficeChart.IOfficeChartSerie,Syncfusion.OfficeChart.IOfficeChart)">
            <summary>
            It returns the SfStackingColumn100 Serie.
            </summary>
            <param name="serie">chart serie</param>
            <param name="xlsioChart">Xlsio chart</param>
            <returns>StackingColumn100Series</returns>
        </member>
        <member name="M:Syncfusion.OfficeChartToImageConverter.GetChartSeries.SfRadarSeries(Syncfusion.OfficeChart.IOfficeChartSerie,Syncfusion.OfficeChart.IOfficeChart)">
            <summary>
            It returns the SfRadar Serie.
            </summary>
            <param name="serie">chart serie</param>
            <param name="xlsioChart">Xlsio chart</param>
            <returns>RadarSeries</returns>
        </member>
        <member name="M:Syncfusion.OfficeChartToImageConverter.GetChartSeries.SfScatterrSeries(Syncfusion.OfficeChart.IOfficeChartSerie,Syncfusion.OfficeChart.IOfficeChart)">
            <summary>
            It returns the SfScatter Serie.
            </summary>
            <param name="serie">chart serie</param>
            <param name="xlsioChart">Xlsio chart</param>
            <returns>ScatterSeries</returns>
        </member>
        <member name="M:Syncfusion.OfficeChartToImageConverter.GetChartSeries.SfBubbleSeries(Syncfusion.OfficeChart.IOfficeChartSerie,Syncfusion.OfficeChart.IOfficeChart)">
            <summary>
            It returns the SfBubble Serie.
            </summary>
            <param name="serie">chart serie</param>
            <param name="xlsioChart">Xlsio chart</param>
            <returns>BubbleSeries</returns>
        </member>
        <member name="M:Syncfusion.OfficeChartToImageConverter.GetChartSeries.SfCandleSeries(Syncfusion.OfficeChart.IOfficeChartSerie,Syncfusion.OfficeChart.IOfficeChart)">
            <summary>
            It returns the SfCandle Serie.
            </summary>
            <param name="serie">chart serie</param>
            <param name="xlsioChart">Xlsio chart</param>
            <returns>CandleSeries</returns>
        </member>
        <member name="M:Syncfusion.OfficeChartToImageConverter.GetChartSeries.SfStockHiLoSeries(Syncfusion.OfficeChart.IOfficeChartSerie,Syncfusion.OfficeChart.IOfficeChart)">
            <summary>
            It returns the SfHiLo Serie.
            </summary>
            <param name="serie">chart serie</param>
            <param name="xlsioChart">Xlsio chart</param>
            <returns>HiLoOpenCloseSeries</returns>
        </member>
        <member name="M:Syncfusion.OfficeChartToImageConverter.GetChartSeries.GetViewModel(Syncfusion.OfficeChart.IOfficeChartSerie,System.Boolean@)">
            <summary>
            Check for series having reference or literal values and return view model object based on values type
            </summary>
            <param name="serie">input series need to check</param>
            <param name="isDirectValues">boolean value denotes series values are literal or not</param>
            <returns>view model object</returns>
        </member>
        <member name="M:Syncfusion.OfficeChartToImageConverter.GetChartSeries.GetChartPointsValues(Syncfusion.OfficeChart.IOfficeChartSerie,System.Boolean,System.Boolean,System.Collections.ObjectModel.ObservableCollection{Syncfusion.OfficeChartToImageConverter.ChartPoint})">
            <summary>
            Get the chartpoints from the series values
            </summary>
            <param name="serie">input series</param>
            <param name="isDirectValues">boolean value represents is literal or reference type of serie values</param>
            <param name="isBubbles">boolean value denotes whether serie is bubble or not</param>
            <param name="values">input chart points to be updated</param>       
            <returns>the updated chart point collection</returns>
        </member>
        <member name="M:Syncfusion.OfficeChartToImageConverter.GetChartSeries.UpdateChartPointsByDisplayUnit(Syncfusion.OfficeChart.Implementation.Charts.ChartSerieImpl,System.Collections.ObjectModel.ObservableCollection{Syncfusion.OfficeChartToImageConverter.ChartPoint})">
            <summary>
            Update point value based on diplay unit.
            </summary>
            <param name="serie">Chart serie.</param>
            <param name="chartPoints">Chart points.</param>
        </member>
        <member name="M:Syncfusion.OfficeChartToImageConverter.GetChartSeries.GetDisplayUnitValue(System.Int32)">
            <summary>
            Gets the dipaly unit numerical value.
            </summary>        
            <param name="displayUnit">display unit enum in integer</param>
        </member>
        <member name="M:Syncfusion.OfficeChartToImageConverter.GetChartSeries.CheckAndGetBubbleValues(Syncfusion.OfficeChart.IRange,System.Object[],System.Int32)">
            <summary>
            Check and assign bubble values for size of chart points 
            </summary>
            <param name="bubbleRange">input bublle ranges for chart point sizes</param>
            <param name="directbubbleValues"></param>
            <param name="index">index of the value to return</param>
            <returns>the Size Value of chart Point</returns>
        </member>
        <member name="M:Syncfusion.OfficeChartToImageConverter.GetChartSeries.CheckAndGetCategoryValues(Syncfusion.OfficeChart.Implementation.Charts.ChartSerieImpl,Syncfusion.OfficeChart.IRange[],System.Object[],System.Int32,System.Boolean,System.Boolean)">
            <summary>
            Check and assign X value for a chart point from ranges or values
            </summary>
            <param name="series">XlsIO chart serie</param>
            <param name="categoryRanges">Reference ranges for X values</param>
            <param name="directCategories">Literal values for X Values</param>
            <param name="index">index of the value to return</param>
            <param name="applyNumberFormat">Boolean value indicates whether the number format to be applied or not</param>
            <param name="isPrimary">Indicates whether the series is primary or not</param>
            <returns>the X Value of chart Point</returns>
        </member>
        <member name="M:Syncfusion.OfficeChartToImageConverter.GetChartSeries.GetChartPointsValuesForStockChart(Syncfusion.OfficeChart.IOfficeChart,Syncfusion.OfficeChart.IOfficeChartSerie,System.Boolean,System.Collections.ObjectModel.ObservableCollection{Syncfusion.OfficeChartToImageConverter.ChartPoint},System.Boolean)">
            <summary>
            Get the chartpoints from the series values only for stock chart
            </summary>
            <param name="chart">XlsIO chart</param>
            <param name="serie">input series</param>
            <param name="isDirectValues">boolean value represents is literal or reference type of serie values</param>
            <param name="values">input chart points to be updated</param>
            <param name="isCandleChart">boolean value represent the candle chart</param>
            <returns>the updated chart point collection</returns>
        </member>
        <member name="M:Syncfusion.OfficeChartToImageConverter.GetChartSeries.GetFillOnCommonSeries(Syncfusion.OfficeChart.Implementation.Charts.ChartSerieImpl,Syncfusion.UI.Xaml.Charts.ChartSeriesBase,System.Collections.Generic.List{System.Int32}@)">
            <summary>
            Assign the brush values for the common chart series
            like (Bar,column,Area(stacked or 100%stacked or clustered)),Bubble,
            </summary>
            <param name="serie">input Chart series</param>
            <param name="sfChartSerie">the ouput SfChart Serie object to be changed</param>
            <param name="negativeIndexes">negative indexes by values</param>
        </member>
        <member name="M:Syncfusion.OfficeChartToImageConverter.GetChartSeries.TryParseNegativeIndexes(Syncfusion.UI.Xaml.Charts.ChartSeriesBase,System.Collections.Generic.List{System.Int32}@)">
            <summary>
            Gets the index of negative values serie data points. 
            </summary>
            <param name="sfChartSerie">SfChart serie.</param>
            <param name="listIndexes">Index collection.</param>
            <returns>returns true if serie data points has negative value otherwise false.</returns>
        </member>
        <member name="M:Syncfusion.OfficeChartToImageConverter.GetChartSeries.GetFillOnPieDougnutSeries(Syncfusion.OfficeChart.Implementation.Charts.ChartSerieImpl,Syncfusion.UI.Xaml.Charts.ChartSeriesBase,System.Boolean,System.Windows.Media.Brush@,System.Double@)">
            <summary>
            Assign the brush values for the pie and doughnut chart series
            </summary>
            <param name="serie">input Chart series</param>
            <param name="sfChartSerie">the ouput SfChart Serie object to be changed</param>
            <param name="isPie">Indicates whether the input serie is pie or doughnut</param>
            <param name="borderBrush">Get the border brush set on individual data point</param>
            <param name="borderThickness">Get the border thickness set on individual data point</param>
            <returns>the boolean value indicates whether the all datapoints have no fill</returns>
        </member>
        <member name="M:Syncfusion.OfficeChartToImageConverter.GetChartSeries.GetBorderOnCommonSeries(Syncfusion.OfficeChart.Implementation.Charts.ChartBorderImpl,Syncfusion.UI.Xaml.Charts.ChartSeries)">
            <summary>
            Get the border thickness and color value from input border
            Set the values to the output serie
            </summary>
            <param name="border">the input series border</param>
            <param name="sfChartSerie">the ouput series to be changed</param>
            <returns>the boolean value indicates whether the default border is applied</returns>
        </member>
        <member name="M:Syncfusion.OfficeChartToImageConverter.GetChartSeries.GetBorderOnLineSeries(Syncfusion.OfficeChart.Implementation.Charts.ChartSerieImpl,Syncfusion.UI.Xaml.Charts.ChartSeries)">
             <summary>
             Get the border thickness and color value from input border
             Set the values to the output serie
             </summary>
            <param name="serieImpl">Input series</param>
             <param name="sfChartSerie">the ouput series to be changed</param>
        </member>
        <member name="M:Syncfusion.OfficeChartToImageConverter.GetChartSeries.GetChartLegendIcon(Syncfusion.OfficeChart.Implementation.Charts.ChartSerieDataFormatImpl,System.Int32)">
            <summary>
            Return the approximate legend icon for the chart serie
            </summary>
            <param name="dataFormat">Input serie Data format</param>
            <param name="serieIndex">integer value for auto marker type</param>
            <returns>the approimate chart legend icon value</returns>
        </member>
        <member name="M:Syncfusion.OfficeChartToImageConverter.GetChartSeries.ChartSeriesCommon(Syncfusion.OfficeChart.Implementation.Charts.ChartSerieImpl,Syncfusion.UI.Xaml.Charts.ChartSeriesBase,System.Boolean,System.Collections.ObjectModel.ObservableCollection{Syncfusion.OfficeChartToImageConverter.ChartPoint},System.Boolean,System.Collections.Generic.List{System.Int32}@)">
            <summary>
            Common chart series settings.
            </summary>
            <param name="serie">XlsIo serie.</param>
            <param name="chartSeriesBase">SfChart series base</param>
            <param name="isDirectValues">direct values.</param>
            <param name="values">Chart data points.</param>
            <param name="applyFill">Apply series fill settings</param>
            <param name="negativeIndexes">negative indexes by values</param>
        </member>
        <member name="M:Syncfusion.OfficeChartToImageConverter.GetChartSeries.ChartSeriesCommon(Syncfusion.OfficeChart.Implementation.Charts.ChartSerieImpl,Syncfusion.UI.Xaml.Charts.ChartSeriesBase,System.Boolean,System.Collections.ObjectModel.ObservableCollection{Syncfusion.OfficeChartToImageConverter.ChartPoint},System.Collections.Generic.List{System.Int32}@)">
            <summary>
            Common chart series settings.
            </summary>
            <param name="serie">XlsIo serie.</param>
            <param name="chartSeriesBase">SfChart series base</param>
            <param name="isDirectValues">direct values.</param>
            <param name="values">Chart data points.</param>
            <param name="negativeIndexes">negative indexes by values</param>
        </member>
        <member name="M:Syncfusion.OfficeChartToImageConverter.GetChartSeries.ChartSeriesCommon(Syncfusion.OfficeChart.Implementation.Charts.ChartSerieImpl,Syncfusion.UI.Xaml.Charts.ChartSeriesBase)">
            <summary>
            Common chart series settings.
            </summary>
            <param name="serie">XlsIo serie.</param>
            <param name="chartSeriesBase">SfChart series base</param>
        </member>
        <member name="M:Syncfusion.OfficeChartToImageConverter.GetChartSeries.ChartSeriesCommon(Syncfusion.OfficeChart.Implementation.Charts.ChartSerieImpl,Syncfusion.UI.Xaml.Charts.ChartSeriesBase,System.Boolean)">
            <summary>
            Common chart series settings.
            </summary>
            <param name="serie">XlsIo serie.</param>
            <param name="chartSeriesBase">SfChart series base</param>
            <param name="applyFill">Apply series fill settings</param>
        </member>
        <member name="M:Syncfusion.OfficeChartToImageConverter.GetChartSeries.ChartSeriesCommon(Syncfusion.OfficeChart.Implementation.Charts.ChartSerieImpl,Syncfusion.UI.Xaml.Charts.ChartSeriesBase,System.Collections.Generic.List{System.Int32}@)">
            <summary>
            Common chart series settings.
            Stacked and Stacked100 Bar and column series
            </summary>
            <param name="serie">XlsIo serie.</param>
            <param name="chartSeriesBase">SfChart series base</param>
            <param name="negativeIndexes">negative indexes by values</param>
        </member>
        <member name="T:Syncfusion.OfficeChartToImageConverter.ChartSeriesFactory">
            <summary>
            Create sf chart series based on type.
            </summary>
        </member>
        <member name="M:Syncfusion.OfficeChartToImageConverter.ChartSeriesFactory.CreateSeries(System.Type)">
            <summary>
            Create sf chart series.
            </summary>
            <param name="type">SfChart series type.</param>
            <returns>Returns sf chart series instance.</returns>
        </member>
        <member name="T:Syncfusion.OfficeChartToImageConverter.NamespaceDoc">
            <summary>
            The Syncfusion.OfficeChartToImageConverter namespace contains classes for converting Office charts into image.
            </summary>
        </member>
        <member name="T:Syncfusion.OfficeChartToImageConverter.ChartToImageConverter">
            <summary>
            Excel Chart To Image Converter.
            </summary>
        </member>
        <member name="F:Syncfusion.OfficeChartToImageConverter.ChartToImageConverter._chart">
            <summary>
            To assign the input chart
            </summary>
        </member>
        <member name="F:Syncfusion.OfficeChartToImageConverter.ChartToImageConverter.m_scalingMode">
            <summary>
            Represent the quality of Image
            </summary>
        </member>
        <member name="M:Syncfusion.OfficeChartToImageConverter.ChartToImageConverter.GetChartStream(System.Object)">
            <summary>
            Assign the Sfchart Stream to input stream
            </summary>
        </member>
        <member name="M:Syncfusion.OfficeChartToImageConverter.ChartToImageConverter.Is3DConversionSupported">
            <summary>
            Check whether the chart type is 3D conversion supported.
            </summary>
            <returns></returns>
        </member>
        <member name="M:Syncfusion.OfficeChartToImageConverter.ChartToImageConverter.GetChart(Syncfusion.OfficeChart.IOfficeChart)">
            <summary>
            Excel chart to sf Chart conversion.
            </summary>
            <param name="excelChart">Excel chart</param>
            <returns>SfChart</returns>
        </member>
        <member name="M:Syncfusion.OfficeChartToImageConverter.ChartToImageConverter.ResetChartCommonData">
            <summary>
            Reset the chart converter properties
            </summary>
        </member>
        <member name="M:Syncfusion.OfficeChartToImageConverter.ChartToImageConverter.TryAndSetMarginSpace(Syncfusion.UI.Xaml.Charts.SfChart,Syncfusion.OfficeChart.Implementation.Charts.ChartImpl,System.Collections.Generic.List{Syncfusion.OfficeChart.IOfficeChartSerie},Syncfusion.UI.Xaml.Charts.ChartLegend)">
            <summary>
            Set the margin space by adding legend in the cropped region in the sfchart
            </summary>
            <param name="sfChart">input sfchart</param>
            <param name="chartImpl">input xlsio/office chart</param>
            <param name="listSeries">input list of series</param>
            <param name="legend">the legend added in the sfchart</param>
        </member>
        <member name="M:Syncfusion.OfficeChartToImageConverter.ChartToImageConverter.GetEmptyLineStyle(System.Windows.Media.Brush@)">
            <summary>
            Returns the empty linestyle for axis
            </summary>
            <param name="brush">output brush</param>
            <returns>the invisible line style</returns>
        </member>
        <member name="M:Syncfusion.OfficeChartToImageConverter.ChartToImageConverter.GetEmptySpacesAdded(Syncfusion.UI.Xaml.Charts.SfChart,System.Boolean,Syncfusion.UI.Xaml.Charts.ChartLegend)">
            <summary>
            Calculate and returns the byte value by checking sfchart elements
            </summary>
            <param name="sfChart">input sfchart object</param>
            <param name="isFunnel">boolean value indicates whether the chart is funnel or not</param>
            <returns>the byte value indicates the region might be cropped</returns>
        </member>
        <member name="M:Syncfusion.OfficeChartToImageConverter.ChartToImageConverter.CustomizeDisplayUnits(Syncfusion.OfficeChart.IOfficeChart,Syncfusion.UI.Xaml.Charts.SfChart)">
            <summary>
            Check all value axis of the chart for display units
            </summary>
            <param name="sfChart">Output SfChart</param>
            <param name="chart">input Chart</param>
        </member>
        <member name="M:Syncfusion.OfficeChartToImageConverter.ChartToImageConverter.GetSecondaryAxis(Syncfusion.UI.Xaml.Charts.SfChart,System.Boolean)">
            <summary>
            Get the secondary axis from input sfchart
            </summary>
            <param name="sfChart">input sfchart</param>
            <param name="isCategory">boolean value indicates whether the axis needed is category</param>
            <returns>the secondary axis</returns>
        </member>
        <member name="M:Syncfusion.OfficeChartToImageConverter.ChartToImageConverter.GetDisplayUnitLabel(Syncfusion.OfficeChart.Implementation.Charts.ChartValueAxisImpl,Syncfusion.UI.Xaml.Charts.NumericalAxis,System.Boolean)">
            <summary>
            Get the display unit label(text annotation) from the input axes
            </summary>
            <param name="axis">input chart axis</param>
            <param name="numericalAxis">input sfchart axis</param>
            <param name="isVertical">boolean value indicates whether the display unit label is vertical or not</param>
            <returns></returns>
        </member>
        <member name="M:Syncfusion.OfficeChartToImageConverter.ChartToImageConverter.GetRichTextTemplate(Syncfusion.OfficeChart.Implementation.Charts.ChartTextAreaImpl,System.String,System.Windows.Controls.TextBlock@)">
            <summary>
            Returns the formatted rich text template from the text area object
            </summary>
            <param name="label">input chart text area object</param>
            <param name="text">input string text</param>
            <param name="tempTextBlock">the temporary text block to measure the size</param>
            <returns>the formatted Data Template object</returns>
        </member>
        <member name="M:Syncfusion.OfficeChartToImageConverter.ChartToImageConverter.MeasureTextBlockSize(Syncfusion.OfficeChartToImageConverter.DataTemplateInfo,System.String)">
            <summary>
            Get the size from given input template of textblock
            </summary>
            <param name="template">input textblock template info</param>
            <param name="text">input text for text block</param>
            <returns>the size of the text block</returns>
        </member>
        <member name="M:Syncfusion.OfficeChartToImageConverter.ChartToImageConverter.SetAxisReplacement(Syncfusion.UI.Xaml.Charts.SfChart,Syncfusion.OfficeChart.IOfficeChart,System.Boolean@)">
            <summary>
            Check For any need of axis replacement respect to its values
            </summary>
            <param name="sfChart">input sfchart object</param>
            <param name="chart">input xlsio / office chart object</param>
            <param name="isChanged">boolean value indicates whether axis replaced</param>
        </member>
        <member name="M:Syncfusion.OfficeChartToImageConverter.ChartToImageConverter.AddTickMarks(Syncfusion.UI.Xaml.Charts.SfChart,System.Double,System.Double,System.Int32,System.Windows.Media.Brush,System.Double,System.Boolean)">
            <summary>
            Add the line annotation like major and minor tick mark in the chart
            </summary>
            <param name="sfChart">input sfchart</param>
            <param name="topValue">Y1 position value</param>
            <param name="bottomValue">Y2 position value</param>
            <param name="interval">Interval between tickmarks</param>
            <param name="axisLineColor">color of tick marks</param>
            <param name="thickness">thickness of tickmark</param>
            <param name="isMajor">boolean value indicates whether tick mark is major or minor</param>
        </member>
        <member name="M:Syncfusion.OfficeChartToImageConverter.ChartToImageConverter.GetChart3D(Syncfusion.OfficeChart.IOfficeChart)">
            <summary>
            Converts an Excel Chart instance into Syncfusion 3D Chart instance.
            </summary>
            <param name="excelChart">Excel chart</param>
            <returns>SfChart3D</returns>
        </member>
        <member name="M:Syncfusion.OfficeChartToImageConverter.ChartToImageConverter.SaveAsImage(Syncfusion.OfficeChart.IOfficeChart,System.IO.Stream)">
            <summary>
            Excel chart to sf Chart conversion.
            </summary>
            <param name="excelChart">Excel chart</param>
            <param name="imageAsStream">Output Stream</param>
            <returns>SfChart</returns>
        </member>
        <member name="M:Syncfusion.OfficeChartToImageConverter.ChartToImageConverter.Save(Syncfusion.UI.Xaml.Charts.ChartBase,System.Object)">
            <summary>
            Sfchart element is save as to image stream.
            </summary>
            <param name="sfchart">Sfchart Element</param>
            <param name="stream">output Stream</param>
        </member>
        <member name="M:Syncfusion.OfficeChartToImageConverter.ChartToImageConverter.Rendered(System.Windows.Media.Visual,System.Windows.Size,System.Object)">
            <summary>
            Sf chart is rendered and save as to stream
            </summary>
            <param name="visual">Sfchart element</param>
            <param name="size">sf chart size</param>
            <param name="stream">output Stream</param>
        </member>
        <member name="M:Syncfusion.OfficeChartToImageConverter.ChartToImageConverter.GetRenderTargetBitmap(System.Windows.Size)">
            <summary>
            Get RenderTargetBitmap object.
            </summary>        
            <param name="size">sf chart size</param>
        </member>
        <member name="M:Syncfusion.OfficeChartToImageConverter.ChartToImageConverter.GetChartSerie(Syncfusion.OfficeChart.OfficeChartType,Syncfusion.UI.Xaml.Charts.SfChart,Syncfusion.OfficeChart.IOfficeChartSerie,System.Boolean@,System.Boolean@,System.Boolean@,System.Boolean)">
            <summary>
            Get Sf chart serie for Excel Chart serie
            </summary>
            <param name="serieType">Represent the Series Type</param>
            <param name="sfChart">Sfchart</param>
            <param name="serie">Excel Serie</param>
            <param name="isPie">ispie boolean for piechart</param>
            <param name="isStock">isstock boolean for stockchart</param>
            <param name="isRadar">boolean value indicates whether the chart contains radar serie</param>
            <param name="isNullSerie">boolean value indicates whether series contains the null values or not</param>
        </member>
        <member name="M:Syncfusion.OfficeChartToImageConverter.ChartToImageConverter.GetChartSerie3D(Syncfusion.OfficeChart.OfficeChartType,Syncfusion.UI.Xaml.Charts.SfChart3D,Syncfusion.OfficeChart.IOfficeChartSerie,System.Boolean@,System.Boolean@,System.Boolean)">
            <summary>
            Get Sf chart serie for Excel Chart serie
            </summary>
            <param name="serieType">Represent the Series Type</param>
            <param name="sfChart">Sfchart</param>
            <param name="serie">Excel Serie</param>
            <param name="isPie">ispie boolean for piechart</param>
            <param name="isStock">isstock boolean for stockchart</param>
            <param name="isNullSerie">boolean value indicates whether the series is empty or not</param>
        </member>
        <member name="P:Syncfusion.OfficeChartToImageConverter.ChartToImageConverter.ScalingMode">
            <summary>
            It's represent the chart image Scaling 
            </summary>
        </member>
        <member name="T:Syncfusion.OfficeChartToImageConverter.ViewModel">
            <summary>
            It's an chart data source. Collection of datapoint's.
            </summary>
        </member>
        <member name="T:Syncfusion.OfficeChartToImageConverter.ChartPoint">
            <summary>
            It's represent the chart datapoint.
            </summary>
        </member>
        <member name="T:Syncfusion.OfficeChartToImageConverter.LabelConvertor">
            <summary>
            Converts the data label values.
            </summary>
        </member>
        <member name="M:Syncfusion.OfficeChartToImageConverter.LabelConvertor.Convert(System.Object,System.Type,System.Object,System.Globalization.CultureInfo)">
            <summary>
            Convets a value.
            </summary>
            <param name="value">Value</param>
            <param name="targetType">Target type</param>
            <param name="parameter">The converter parameter</param>
            <param name="culture">Culture</param>
            <returns></returns>
        </member>
        <member name="M:Syncfusion.OfficeChartToImageConverter.LabelConvertor.LabelSettings(System.Object,Syncfusion.OfficeChartToImageConverter.DataLabelSetting)">
            <summary>
            Apply label settings.
            </summary>
            <param name="value">Label value.</param>
            <param name="dataLabelSetting">Data label setting.</param>
            <returns></returns>
        </member>
        <member name="M:Syncfusion.OfficeChartToImageConverter.LabelConvertor.ConvertBack(System.Object,System.Type,System.Object,System.Globalization.CultureInfo)">
            <summary>
            Convets a value.
            </summary>
            <param name="value">Value</param>
            <param name="targetType">Target type</param>
            <param name="parameter">The converter parameter</param>
            <param name="culture">Culture</param>
        </member>
        <member name="T:Syncfusion.OfficeChartToImageConverter.ThicknessConverter">
            <summary>
            Converts the thickness respect to the data
            </summary>
        </member>
        <member name="T:Syncfusion.OfficeChartToImageConverter.FontConverter">
            <summary>
            Converts the thickness respect to the data
            </summary>
        </member>
        <member name="T:Syncfusion.OfficeChartToImageConverter.ColorConverter">
            <summary>
            Converts the Color respect to the data
            </summary>
        </member>
        <member name="F:Syncfusion.OfficeChartToImageConverter.ColorConverter.Brushes">
            <summary>
            Retruns the brush respect to the input value on numberformat
            Possible Keys are,
            ['0'] => denotes the color for zero value
            ['+'] => denotes the color for positive value
            ['-'] => denotes the color for negative value
            ['t'] => denotes the color for Text value
            ['d'] => denotes the color for Default value
            </summary>
        </member>
        <member name="T:Syncfusion.OfficeChartToImageConverter.AxisLabelConverter">
            <summary>
            Converts the input data to axis data
            </summary>
        </member>
        <member name="F:Syncfusion.OfficeChartToImageConverter.AxisLabelConverter.IsTickLabelNone">
            <summary>
            Boolean value indicated whether the tick labels in the axis are shown or not
            </summary>
        </member>
        <member name="M:Syncfusion.OfficeChartToImageConverter.AxisLabelConverter.Convert(System.Object,System.Type,System.Object,System.Globalization.CultureInfo)">
            <summary>
            Convets a value.
            </summary>
            <param name="value">Value</param>
            <param name="targetType">Target type</param>
            <param name="parameter">The converter parameter</param>
            <param name="culture">Culture</param>
            <returns></returns>
        </member>
        <member name="M:Syncfusion.OfficeChartToImageConverter.AxisLabelConverter.ConvertBack(System.Object,System.Type,System.Object,System.Globalization.CultureInfo)">
            <summary>
            Convets a value.
            </summary>
            <param name="value">Value</param>
            <param name="targetType">Target type</param>
            <param name="parameter">The converter parameter</param>
            <param name="culture">Culture</param>
        </member>
        <member name="T:Syncfusion.OfficeChartToImageConverter.FunnelDataLabelPositionConverter">
            <summary>
            Converter class used to shows the data labels inside the segement
            </summary>
        </member>
        <member name="M:Syncfusion.OfficeChartToImageConverter.FunnelDataLabelPositionConverter.Convert(System.Object,System.Type,System.Object,System.Globalization.CultureInfo)">
            <summary>
            Convert the value from object and returns formatted value
            </summary>
            <param name="value">input value</param>
            <param name="targetType">target type of input</param>
            <param name="parameter">The converter parameter</param>
            <param name="culture">Culture</param>
            <returns>the formatted output</returns>
        </member>
        <member name="M:Syncfusion.OfficeChartToImageConverter.FunnelDataLabelPositionConverter.ConvertBack(System.Object,System.Type,System.Object,System.Globalization.CultureInfo)">
            <summary>
            Convets a value.
            </summary>
            <param name="value">Value</param>
            <param name="targetType">Target type</param>
            <param name="parameter">The converter parameter</param>
            <param name="culture">Culture</param>
        </member>
        <member name="T:Syncfusion.OfficeChartToImageConverter.MarkerConverter">
            <summary>
            The Converter class used to format the markers in chart
            </summary>
        </member>
        <member name="F:Syncfusion.OfficeChartToImageConverter.MarkerConverter.m_strokeIndex">
            <summary>
            Stroke Index used to denote the points have been formatted for properties
            </summary>
        </member>
        <member name="F:Syncfusion.OfficeChartToImageConverter.MarkerConverter.m_fillIndex">
            <summary>
            Fill Index used to denote the points have been formatted for properties
            </summary>
        </member>
        <member name="F:Syncfusion.OfficeChartToImageConverter.MarkerConverter.m_thicknessIndex">
            <summary>
            Thickness Index used to denote the points have been formatted for properties
            </summary>
        </member>
        <member name="F:Syncfusion.OfficeChartToImageConverter.MarkerConverter.m_pathIndex">
            <summary>
            Path Index used to denote the points have been formatted for properties
            </summary>
        </member>
        <member name="M:Syncfusion.OfficeChartToImageConverter.MarkerConverter.Convert(System.Object,System.Type,System.Object,System.Globalization.CultureInfo)">
            <summary>
            Convert the value from object and returns formatted value
            </summary>
            <param name="value">input value</param>
            <param name="targetType">target type of input</param>
            <param name="parameter">The converter parameter</param>
            <param name="culture">Culture</param>
            <returns>the formatted output</returns>
        </member>
        <member name="M:Syncfusion.OfficeChartToImageConverter.MarkerConverter.ConvertBack(System.Object,System.Type,System.Object,System.Globalization.CultureInfo)">
            <summary>
            Convets a value.
            </summary>
            <param name="value">Value</param>
            <param name="targetType">Target type</param>
            <param name="parameter">The converter parameter</param>
            <param name="culture">Culture</param>
        </member>
        <member name="P:Syncfusion.OfficeChartToImageConverter.MarkerConverter.MarkerSettings">
            <summary>
            Used to store the marker formats of each marker in the series
            </summary>
        </member>
        <member name="P:Syncfusion.OfficeChartToImageConverter.MarkerConverter.CommonMarkerSetting">
            <summary>
            Used to store the Common marker format of the series
            </summary>
        </member>
        <member name="T:Syncfusion.OfficeChartToImageConverter.TextBlockExt">
            <summary>
            Text Block used to Rich Text Binding Support
            </summary>
        </member>
        <member name="T:Syncfusion.OfficeChartToImageConverter.DataLabelSetting">
            <summary>
            Reperesents the individual data label setting
            </summary>
        </member>
        <member name="T:Syncfusion.OfficeChartToImageConverter.MarkerSetting">
            <summary>
            Class used to store the Marker Formattings
            </summary>
        </member>
        <member name="F:Syncfusion.OfficeChartToImageConverter.MarkerSetting.m_borderBrush">
            <summary>
            Brush stores the border color
            </summary>
        </member>
        <member name="F:Syncfusion.OfficeChartToImageConverter.MarkerSetting.m_fillBrush">
            <summary>
            Brush stores the fill color
            </summary>
        </member>
        <member name="F:Syncfusion.OfficeChartToImageConverter.MarkerSetting.m_markerSize">
            <summary>
            Size of the marker symbol
            </summary>
        </member>
        <member name="F:Syncfusion.OfficeChartToImageConverter.MarkerSetting.m_borderThickness">
            <summary>
            Thickness value Marker's Border
            </summary>
        </member>
        <member name="F:Syncfusion.OfficeChartToImageConverter.MarkerSetting.m_markerTypeInInt">
            <summary>
            Marker Style enum Value in integer
            </summary>
        </member>
        <member name="M:Syncfusion.OfficeChartToImageConverter.MarkerSetting.#ctor">
            <summary>
            Default Constructor
            </summary>
        </member>
        <member name="P:Syncfusion.OfficeChartToImageConverter.MarkerSetting.BorderBrush">
            <summary>
            Gets/Sets Brush for the border
            </summary>
        </member>
        <member name="P:Syncfusion.OfficeChartToImageConverter.MarkerSetting.FillBrush">
            <summary>
            Gets/Sets Brush for the fill
            </summary>
        </member>
        <member name="P:Syncfusion.OfficeChartToImageConverter.MarkerSetting.MarkerSize">
            <summary>
            Gets/Sets Size of the marker symbol
            </summary>
        </member>
        <member name="P:Syncfusion.OfficeChartToImageConverter.MarkerSetting.BorderThickness">
            <summary>
            Gets/Sets the thickness value Marker's Border
            </summary>
        </member>
        <member name="P:Syncfusion.OfficeChartToImageConverter.MarkerSetting.MarkerTypeInInt">
            <summary>
            Gets/Sets Marker Style enum Value in integer
            </summary>
        </member>
    </members>
</doc>
